Employee Name,email,alphanumeric,Employee Start Date,Current Line Manager,Line Manager Department,Department,Department email
Audrey Stein,iaculis.aliquet@hotmail.org,(026) 3688 4870,20.06.25,Ayanna Santos,Media Relations,Customer Liaison,nunc.sed@outlook.couk
Barrett Roman,enim.nec@outlook.org,0324 731 1124,31.05.25,Winter Carney,Advertising,Finances,eu.arcu@outlook.net
Ivy Haley,primis@hotmail.couk,056 4393 2974,23.02.25,Upton Stanton,Quality Assurance,Heath & Safety,cursus.et@protonmail.net
Bree Howe,mi@google.com,0800 947 3873,06.06.24,Ivor Pugh,Customer Liaison,Tech Support,vivamus.euismod.urna@hotmail.net
Laurel Mueller,pede@protonmail.net,(01748) 48577,02.10.24,Lane Taylor,Customer Relations,Finances,integer.in.magna@google.edu
Tanner Clark,turpis@icloud.net,0924 665 6262,28.02.25,Lane Page,Human Resources,Tech Support,venenatis.lacus@aol.ca
Iliana Santos,aliquam@protonmail.ca,0800 613372,27.11.25,Kennedy Ross,Media Relations,Advertising,ipsum.non.arcu@google.ca
Sylvia Mullins,eget.nisi.dictum@hotmail.com,070 3446 7834,04.03.24,Chastity Thompson,Legal Department,IT,eros.nec@yahoo.net
Kato Marks,vitae.mauris@icloud.org,(01424) 644021,15.04.24,Yeo Leblanc,Cyber,Public Relations,sed.dui@google.couk
Reese Emerson,quis.tristique@aol.net,(01515) 52859,08.04.25,Quin Middleton,Health and Safety,Research and Development,id.magna@aol.net
MacKensie Hardy,sed.eget@hotmail.net,(0118) 633 4538,10.02.26,Fatima Gilbert,Customer Liaison,Media Relations,lacus.mauris@aol.org
Cooper Byers,sit@google.net,0500 073171,06.04.25,Sandra Burris,Sales and Marketing,Sales and Marketing,a.ultricies@aol.edu
Jacob Stark,enim.commodo@aol.com,(0111) 751 8997,16.03.24,Joel Green,IT,Public Relations,elementum.at@outlook.edu
Colorado Burns,aliquet.proin@icloud.com,0800 286477,13.05.25,Branden Oneil,Human Resources,Accounting,nulla.donec@google.couk
MacKensie Berger,integer.in@aol.edu,(015145) 85255,20.12.25,Eric Ferguson,Health and Safety,Tech Support,vivamus.nibh@icloud.net
Vanna Chase,augue@icloud.ca,(015283) 63435,10.08.24,Alyssa Bean,Human Resources,Customer Relations,suspendisse@outlook.net
Tatyana Fields,fusce.feugiat@icloud.edu,07314 386636,01.05.24,Neve Holden,Media Relations,Customer Liaison,ornare@icloud.org
Kuame Barber,eget.laoreet.posuere@yahoo.ca,0864 675 7359,14.03.25,Rhona Brewer,Health and Safety,Sales and Marketing,aliquet@icloud.com
Felix Christian,at@aol.edu,07624 050888,30.11.25,Davis Oneil,Asset Management,Cyber,neque.tellus@google.ca
Adena Hoover,ante@yahoo.ca,(016977) 5853,16.05.25,Dalton French,Asset Management,Finances,ipsum.non@icloud.couk
Allegra Bowman,et@outlook.couk,(01838) 25260,09.02.26,Kelly Acevedo,Human Resources,Cyber,dolor@icloud.org
Ciaran Terrell,nulla@yahoo.org,056 5747 3623,28.10.24,Kane Parks,Public Relations,Customer Service,cursus.non.egestas@outlook.org
Mark Herman,suspendisse.sed@outlook.com,(01413) 30166,05.04.25,Reece Peters,Advertising,Media Relations,dictum.proin@hotmail.edu
Graiden Phillips,vitae.sodales.at@aol.ca,0800 1111,19.08.25,Samuel Michael,Quality Assurance,Public Relations,aliquam.rutrum.lorem@outlook.org
Sebastian Schultz,convallis.in@protonmail.com,(022) 6176 6786,17.06.25,Bevis Solis,Customer Relations,Advertising,dapibus@google.ca
Alea Levy,sed.pharetra@google.org,(028) 5387 0767,16.06.24,Gray Hawkins,Finances,Asset Management,elit@aol.com
Vivian Livingston,pellentesque.massa.lobortis@outlook.edu,055 1752 0187,19.02.25,Cassidy Mcdowell,Finances,Customer Service,ipsum.curabitur@icloud.net
May Johns,faucibus.lectus@icloud.ca,07350 015621,27.04.24,Rana Wagner,Sales and Marketing,Media Relations,convallis.convallis.dolor@outlook.net
Jenna Wilkinson,lectus@icloud.org,055 3650 8196,17.07.24,Kato Roman,Legal Department,Public Relations,nisi.dictum@outlook.com
Adam Thornton,vestibulum.mauris.magna@protonmail.org,(028) 5635 9173,09.07.24,Edan Nolan,Advertising,Cyber,tellus@protonmail.com
Thomas Buchanan,sollicitudin.adipiscing@yahoo.org,(0114) 415 0312,16.02.26,Aidan Olsen,Tech Support,Human Resources,ac@hotmail.edu
Keely Valdez,elementum.at@protonmail.couk,0800 1111,09.05.25,Alfonso Kelly,Customer Relations,Quality Assurance,phasellus.fermentum@yahoo.com
Tashya Martin,interdum@icloud.edu,(016977) 2236,24.12.24,Teegan Malone,Customer Relations,Asset Management,ante.bibendum.ullamcorper@hotmail.ca
Bell Francis,lorem.luctus@aol.couk,0500 282864,22.07.24,Calvin Daniels,Tech Support,Accounting,euismod.urna@outlook.com
Lareina Burris,donec@yahoo.ca,(021) 7303 0736,11.09.25,Daniel Ray,Media Relations,Advertising,duis.sit@hotmail.net
Orson Snider,nulla.eu@icloud.couk,07878 272203,17.10.25,Bianca Clarke,Research and Development,Tech Support,id.erat@protonmail.net
Burke Drake,felis.eget@icloud.couk,(025) 4145 1717,21.07.24,Virginia Taylor,Research and Development,Advertising,nec.leo@aol.com
Jayme Bass,ligula.aenean@aol.couk,076 5226 1871,19.10.25,Keegan Lang,IT,Accounting,posuere@yahoo.org
Preston Tillman,ante.maecenas@aol.com,07002 294055,15.04.24,Kaitlin Horne,Engineering,Research and Development,velit@protonmail.couk
Darius Jimenez,nunc.pulvinar@outlook.com,0984 354 6203,22.11.25,Brenna Barr,Payroll,Tech Support,aliquam.erat@icloud.com
Brenden Yates,dictum@aol.org,(016977) 6615,04.10.24,Cody Spears,Media Relations,Heath & Safety,pellentesque.ut@hotmail.ca
Tarik Watson,donec@outlook.org,070 9555 6557,28.10.25,Remedios Larsen,Quality Assurance,IT,nonummy.ultricies.ornare@yahoo.ca
Beau Delacruz,blandit.enim@aol.net,0819 575 2762,23.11.24,Edan Pierce,Cyber,Engineering,at@aol.couk
Beck Stephenson,eu@yahoo.org,07303 697198,22.08.25,Allegra Woods,Sales and Marketing,Asset Management,eget@yahoo.org
Edward William,malesuada.malesuada@icloud.com,0800 1111,28.09.25,Keefe Vaughan,Customer Relations,Finances,semper.dui@hotmail.org
Dennis Mcdowell,eu@protonmail.ca,0800 918426,09.09.24,Amal Rogers,Asset Management,Cyber,nisl@google.net
Vincent Schneider,magna.tellus@protonmail.edu,0304 978 6218,30.09.25,Stuart Bush,Finances,Legal Department,et.lacinia@google.com
Timothy Mccarthy,pulvinar.arcu@protonmail.org,(016977) 1174,26.02.25,Mia Heath,IT,Research and Development,ullamcorper.duis@icloud.org
Justina Weber,purus.duis@yahoo.edu,07624 889326,22.03.24,Jeanette Weiss,Customer Service,Human Resources,aliquet.metus@protonmail.couk
Zephania Witt,eros@google.net,(0110) 066 8952,13.05.24,Harlan Bender,Media Relations,Customer Liaison,odio.etiam.ligula@icloud.edu
Flavia Young,tortor@google.couk,(016977) 7475,19.03.24,Margaret Byers,Accounting,Accounting,sed@outlook.ca
Dylan Houston,dignissim.maecenas.ornare@hotmail.org,070 7667 7537,18.03.25,Brandon Powers,Research and Development,Customer Relations,adipiscing.fringilla.porttitor@aol.couk
Alexandra Brady,nulla.aliquet@icloud.ca,0800 1111,10.05.24,Regina Page,Cyber,Finances,libero@icloud.com
Keefe Garrett,sed.est@yahoo.edu,0808 463 3237,06.04.25,Quinlan Marshall,Human Resources,Advertising,sit@yahoo.edu
Donovan Sharp,ut@protonmail.org,0800 833446,21.02.25,Yuri Solomon,Public Relations,Accounting,risus@aol.ca
Amanda Spence,nulla.facilisi@hotmail.ca,076 1287 7049,27.08.24,Scarlet Fletcher,Finances,Asset Management,est.tempor@google.net
Julian Puckett,blandit.enim@aol.net,0831 856 7248,30.01.25,MacKensie Carney,Sales and Marketing,Customer Service,arcu@yahoo.org
Claudia Dale,euismod.in@icloud.net,070 2025 5554,09.04.24,Juliet Tyler,Payroll,Cyber,sagittis.nullam@outlook.edu
Shelley Shepherd,erat@protonmail.ca,056 8311 2868,22.04.25,Marah Warner,Customer Liaison,Quality Assurance,nec.ante.maecenas@hotmail.org
Uriel Peck,sem.magna@outlook.net,07962 835545,03.06.25,Olivia Mckenzie,Public Relations,Tech Support,odio.aliquam@google.edu
Liberty Stephenson,fermentum.fermentum.arcu@aol.net,070 5284 8951,14.11.25,Eric Garcia,Tech Support,Human Resources,arcu@aol.org
Xantha Aguilar,in.cursus.et@icloud.edu,(029) 8226 8872,11.04.25,Virginia Kirk,Finances,Media Relations,sagittis.augue@hotmail.ca
Hunter Mathews,nibh@aol.couk,(01775) 897048,06.12.25,Tobias Mccullough,Engineering,Heath & Safety,ullamcorper.duis@google.org
Rylee Roy,nibh.lacinia.orci@hotmail.edu,0500 821841,29.07.25,Myra Lowe,Tech Support,Cyber,fusce.dolor@google.org
Gary Valencia,ut.aliquam@protonmail.couk,0800 1111,20.07.24,Zachery Alexander,Legal Department,Tech Support,pede.cras@outlook.ca
Olympia Villarreal,suspendisse@icloud.com,(026) 2441 1526,28.07.24,Tatum Monroe,Engineering,Customer Service,ornare.libero@google.ca
Echo Watkins,imperdiet.erat@icloud.ca,0800 165274,12.01.26,Harriet Mathews,Payroll,Accounting,libero@protonmail.org
Gillian Lane,nam.consequat.dolor@aol.org,(013441) 86977,10.03.24,Lev Alvarez,Media Relations,Customer Liaison,orci.ut@protonmail.couk
Wallace Mercado,nullam@outlook.couk,(0117) 574 6728,12.10.24,Ahmed Mcclain,Health and Safety,Human Resources,magna.sed.eu@aol.org
Wallace Sloan,nec@aol.net,07259 445866,29.06.24,Zelenia Larsen,Accounting,Advertising,nec@hotmail.net
Charissa Preston,mi@aol.couk,(0141) 177 8915,01.05.24,Seth Larson,Customer Liaison,Cyber,nulla.donec.non@yahoo.com
Noble Fowler,dictum.magna@outlook.org,07431 415865,05.04.25,Louis Juarez,Customer Relations,Customer Relations,non@hotmail.couk
Athena Lancaster,dictum.mi.ac@yahoo.com,0500 824895,08.01.26,Macon Murray,Cyber,Public Relations,at.pede@yahoo.ca
Kiara Lopez,fermentum.fermentum.arcu@google.org,(01921) 99054,16.07.25,Carter Herman,Advertising,Tech Support,eu.odio@google.net
Demetria York,aliquam.eu.accumsan@hotmail.org,0500 888849,13.01.25,Grady Garner,Tech Support,Legal Department,vulputate.nisi@google.couk
Adrienne Keith,fusce.fermentum@outlook.edu,(01523) 876319,01.04.25,Lysandra Mccall,Quality Assurance,Payroll,venenatis.vel@outlook.com
Dalton Banks,montes@aol.com,07624 796788,13.04.25,Chester Knox,Research and Development,IT,natoque@protonmail.ca
Kieran Raymond,mi.fringilla.mi@hotmail.org,(016855) 18959,29.08.24,Jesse Christian,Accounting,Customer Relations,amet@aol.com
Melanie Bowen,gravida.non@google.couk,0940 725 5842,01.06.25,Graham Nguyen,Customer Relations,Customer Service,amet@yahoo.ca
Hilda Puckett,massa.non@aol.net,(023) 5718 4043,15.10.25,Fitzgerald Nieves,Research and Development,IT,sociis.natoque@outlook.org
Gary Howard,ipsum.dolor.sit@protonmail.couk,(016977) 4517,04.10.25,Aspen Mosley,Research and Development,Advertising,ligula@outlook.org
Macaulay Brewer,elementum@hotmail.edu,0800 681361,27.11.24,Callie Kirkland,Quality Assurance,Advertising,sociis.natoque@google.com
Gemma Bishop,nonummy.ac.feugiat@google.net,070 8303 1772,16.07.24,Shea Guerra,Legal Department,Finances,donec.sollicitudin.adipiscing@yahoo.couk
Kelsie Flores,est.nunc@outlook.com,0800 209 1212,30.09.24,Barbara Spencer,IT,Sales and Marketing,et.rutrum.eu@hotmail.couk
Virginia Yang,ullamcorper.velit@aol.org,0500 751535,05.10.25,Harrison Mercer,Public Relations,Legal Department,metus.in@protonmail.org
Mason Malone,proin.vel.nisl@protonmail.couk,0864 975 2821,09.05.25,Hector Adkins,Asset Management,Media Relations,ante.ipsum@protonmail.org
Selma Blackburn,sem.vitae@outlook.com,055 9121 1475,01.01.26,Florence White,Human Resources,Customer Relations,rutrum@protonmail.edu
Uriah Dunn,diam.pellentesque@outlook.com,0845 46 44,22.05.25,Noah Walsh,Sales and Marketing,Heath & Safety,libero.proin.mi@yahoo.ca
Ima Walsh,donec.felis@icloud.edu,(016977) 1522,29.01.26,Shoshana Watts,Public Relations,Heath & Safety,bibendum.donec@icloud.com
Doris Vazquez,ac.eleifend@outlook.couk,(016977) 3764,05.06.24,Allegra Lamb,Public Relations,Customer Liaison,et.arcu.imperdiet@icloud.ca
Ira Bass,ligula.aliquam.erat@google.com,(0181) 791 2373,18.03.24,Nelle Hicks,Tech Support,Engineering,proin@icloud.net
Wang Doyle,hendrerit.donec@aol.ca,0500 025917,26.12.25,Jeanette Black,Asset Management,Payroll,vestibulum.lorem@google.ca
Jackson Woods,consequat@aol.com,056 3596 2796,04.04.24,Gloria Lane,Customer Service,Tech Support,sit.amet.risus@aol.org
Erasmus Houston,lacinia.vitae@icloud.couk,(0181) 332 8877,19.12.24,Dean Williamson,IT,Quality Assurance,ipsum.primis.in@aol.ca
Linda Patel,class@google.couk,076 0865 5523,28.04.24,Mark Day,Public Relations,Cyber,convallis.ligula@aol.couk
Acton Mcconnell,integer.in@protonmail.org,0842 738 0383,11.02.26,Veda Horne,Public Relations,Payroll,ante.bibendum.ullamcorper@hotmail.net
Christian Weaver,diam@google.ca,(01551) 13759,30.12.25,Anjolie Beck,Health and Safety,Payroll,quam.dignissim@hotmail.com
Henry Hansen,euismod.ac.fermentum@hotmail.net,0500 320048,16.12.24,Devin Contreras,Customer Service,Human Resources,sed.turpis.nec@hotmail.couk
Idola Sims,scelerisque.lorem@aol.ca,(01637) 724348,31.03.24,Maite Nielsen,Payroll,Customer Relations,mollis.vitae.posuere@aol.net
Zahir Ellis,dictum.sapien@hotmail.org,0352 341 1725,10.09.24,Winifred Pratt,Advertising,Customer Liaison,eleifend.vitae@protonmail.ca
Nash Abbott,aenean.massa.integer@yahoo.net,(0191) 637 0351,17.10.24,Myles Vaughan,Finances,Payroll,duis.dignissim@google.couk
Althea Little,sit.amet@google.edu,0881 371 5748,25.07.24,Zahir Oneil,Customer Service,Customer Relations,amet@icloud.couk
Dara Lucas,pellentesque.sed@google.edu,(016977) 3278,10.04.25,Cora Alford,Cyber,Asset Management,maecenas@protonmail.org
Kristen Wood,sed.pede.cum@aol.com,076 5567 7886,27.02.25,Austin Mcpherson,Customer Liaison,Customer Relations,duis.cursus.diam@google.edu
Jaquelyn Craft,velit.eu@yahoo.couk,(016977) 8472,07.03.24,Velma Rios,Legal Department,Legal Department,non.magna@yahoo.couk
Ian Reynolds,a.sollicitudin@hotmail.ca,0500 438256,28.11.25,Laura Spears,Customer Liaison,Engineering,amet.consectetuer.adipiscing@yahoo.ca
Alana Guerrero,leo.cras@google.net,(01323) 144545,11.04.24,Yetta Blanchard,Customer Liaison,Finances,odio.sagittis@icloud.com
Maggie Rice,mauris@hotmail.com,(01885) 37475,02.04.24,Mallory Holder,Sales and Marketing,IT,integer.sem@yahoo.ca
Jasper Sandoval,dictum.cursus@yahoo.org,(01748) 64788,09.05.25,Kyra Kelley,Media Relations,Advertising,aliquam.erat@google.net
Wang Kelley,mauris.blandit@aol.com,07791 171325,08.06.24,Sage White,Finances,Heath & Safety,rhoncus.nullam.velit@aol.couk
Dexter Phelps,ac.arcu@aol.couk,(026) 2637 8385,07.09.25,Nathaniel Whitney,Advertising,Customer Service,nibh@outlook.com
Dolan Mckinney,augue@yahoo.edu,0348 271 5886,22.03.25,Nicholas Willis,IT,Public Relations,vulputate.mauris@icloud.net
Uma Cummings,pede.ac@aol.net,0996 746 3856,20.03.25,Ina Stevenson,Finances,Finances,ut.erat@yahoo.net
Rahim Gillespie,ac.mi@aol.com,0985 446 2757,13.01.26,Pascale Hester,Sales and Marketing,Advertising,arcu.vestibulum@aol.net
Zeph Wiley,sem@aol.edu,0800 1111,09.11.24,Janna Branch,IT,Public Relations,sed@hotmail.ca
Maxwell Henson,metus.sit.amet@google.net,0800 337422,24.09.25,Merritt Wilkinson,Finances,Finances,semper.dui.lectus@icloud.com
Ivory Hudson,massa.quisque@yahoo.ca,0367 614 0818,30.11.24,Cairo Cohen,Payroll,Tech Support,ridiculus.mus@google.couk
Venus Hahn,ligula.elit@google.net,0800 1111,22.02.26,Giacomo Hernandez,Customer Relations,Accounting,sodales.mauris@yahoo.net
Bradley Potter,aenean.egestas.hendrerit@google.net,070 5394 7543,31.10.24,Yuli Everett,Finances,Engineering,viverra.donec@yahoo.couk
Armand Bridges,lectus@protonmail.ca,0800 822 0145,28.04.25,Wayne Clemons,Engineering,Advertising,leo.elementum.sem@google.edu
Norman Irwin,orci@hotmail.net,0384 248 6838,17.04.25,Grace Byrd,Human Resources,IT,ipsum.ac.mi@icloud.com
Wylie Shepherd,massa@aol.ca,07624 859120,27.08.25,Guy Boyd,Research and Development,Heath & Safety,posuere.vulputate@aol.net
Daria Banks,id@hotmail.com,070 6237 7255,05.07.25,Brenden Garrett,Quality Assurance,Legal Department,dui.augue@google.com
Jillian Salinas,parturient.montes.nascetur@outlook.org,0845 46 40,19.11.24,Laith Steele,Research and Development,Accounting,fringilla.euismod.enim@icloud.net
Stewart Johnston,quisque@hotmail.com,0800 632 7643,26.07.25,Hakeem Rivas,Cyber,Customer Liaison,aliquam.ornare@icloud.org
Idola Contreras,lacinia@aol.net,(01553) 88291,12.02.26,Ayanna Holder,Customer Liaison,Engineering,nonummy.fusce@hotmail.com
Stuart Mcclure,fames.ac.turpis@aol.com,(022) 5725 9734,05.05.24,Martha Mcfarland,IT,Legal Department,adipiscing.enim.mi@google.net
Zachery Leblanc,egestas.a.scelerisque@outlook.com,070 1921 3842,02.08.24,Jin Humphrey,Sales and Marketing,Sales and Marketing,eu@yahoo.ca
Amaya Madden,non.hendrerit@icloud.couk,055 5145 0051,21.02.25,Mohammad Parks,Customer Relations,Public Relations,neque.et@protonmail.net
Cairo Hansen,consectetuer.adipiscing@protonmail.ca,07278 376167,06.07.24,Madeline Merritt,Customer Relations,Asset Management,vitae.diam.proin@icloud.org
Ishmael Cummings,phasellus.fermentum@icloud.com,0800 191142,01.05.25,Ivor Monroe,Tech Support,Public Relations,ac.nulla@yahoo.org
Benjamin Dalton,phasellus.libero@outlook.net,0500 356877,18.01.25,Kevyn Rosario,Quality Assurance,Accounting,cum@hotmail.ca
Paloma Sampson,natoque.penatibus@aol.edu,0993 259 4468,01.05.25,Dieter Puckett,Advertising,Quality Assurance,ornare@outlook.edu
Bruce Langley,nam.nulla.magna@protonmail.couk,(0112) 072 6122,01.08.24,Cairo Holmes,Quality Assurance,Legal Department,ligula.eu@protonmail.couk
Wilma Doyle,maecenas.libero@yahoo.org,0932 264 7969,11.06.25,Orson Cantu,Customer Relations,Payroll,aenean.gravida@protonmail.ca
Cathleen Aguirre,ante.lectus.convallis@aol.com,(018207) 91997,22.08.25,Emi Cooley,Engineering,Research and Development,metus@outlook.ca
Rhea Barr,mauris@protonmail.net,0923 355 1152,22.01.26,Iliana Ward,Payroll,Payroll,sed.turpis@hotmail.org
Asher Herring,donec@hotmail.org,07624 254773,12.08.25,Abraham Richard,Cyber,Legal Department,sem.ut@hotmail.org
Gregory Mcguire,ullamcorper.magna@icloud.com,(016977) 8229,09.01.25,Dara Dillon,Human Resources,Sales and Marketing,vel.arcu.eu@icloud.net
Phelan Rojas,nulla.facilisis@aol.com,076 2248 5268,11.08.24,Chaney Rocha,Human Resources,Customer Relations,metus.aliquam@yahoo.net
Sybil Ayers,consequat.lectus@aol.ca,076 1535 1313,04.09.25,Mia Blackwell,Health and Safety,Research and Development,sit@protonmail.net
Whilemina Carroll,dolor@aol.couk,0800 637335,25.03.24,Dane Barry,Payroll,Cyber,auctor.mauris.vel@outlook.com
Dorothy Meadows,amet.ante@aol.couk,07164 615341,04.08.25,Jonah Kline,Finances,Research and Development,est@protonmail.net
Doris Gutierrez,sociosqu.ad@icloud.ca,076 2379 5573,18.03.24,Beau Shelton,Quality Assurance,Finances,fringilla.porttitor.vulputate@aol.ca
Vladimir Casey,cum@aol.net,(0112) 494 5627,05.12.25,Yuri Mcconnell,Public Relations,Customer Liaison,sagittis.lobortis@yahoo.couk
Marcia Doyle,ante.ipsum@aol.edu,(016977) 3751,13.12.24,Ora Bird,Public Relations,Customer Liaison,neque.venenatis@google.couk
Pascale Nolan,sem@aol.net,(021) 5800 2814,19.12.24,Gillian Saunders,Human Resources,Customer Liaison,bibendum@outlook.ca
Kamal Shepard,ultrices.posuere.cubilia@yahoo.org,07127 735354,20.04.25,Duncan Hahn,Research and Development,Customer Service,sem.vitae@yahoo.couk
Fulton Rocha,aliquam.rutrum.lorem@google.couk,0392 150 7660,17.08.25,Lila Pugh,Cyber,Cyber,semper.auctor@icloud.couk
Grace Pacheco,vitae.sodales@outlook.net,(016977) 1856,19.01.26,Jolie Miranda,Sales and Marketing,Quality Assurance,donec.feugiat@protonmail.ca
Len Burris,accumsan.sed.facilisis@outlook.com,070 3212 7747,01.08.25,Trevor Levy,Customer Service,Tech Support,lectus.a.sollicitudin@outlook.net
Preston Bailey,arcu.sed@hotmail.net,070 4184 7525,01.11.24,Leah Mcdonald,Health and Safety,Payroll,aliquet.odio@yahoo.net
Audra Marks,lobortis@icloud.org,076 0824 3394,14.03.24,Florence Rogers,Finances,Tech Support,justo.nec@hotmail.com
Haley Casey,enim.mauris@google.net,07624 239392,12.12.24,Avram Cantrell,Advertising,Media Relations,mi.enim@protonmail.ca
Beverly Fowler,id.nunc.interdum@hotmail.ca,0953 664 4727,06.02.26,Jordan Clay,IT,Payroll,libero.nec.ligula@protonmail.net
Cairo Ray,vel.arcu@yahoo.org,(0111) 341 1167,13.02.26,Bernard Powell,Media Relations,Finances,porttitor.vulputate.posuere@yahoo.org
Kylie Moses,nulla.dignissim.maecenas@aol.net,07326 337984,10.02.26,Leo Bender,Payroll,Media Relations,bibendum.sed.est@outlook.org
August Navarro,proin.nisl@outlook.edu,0858 168 8547,06.05.24,Ethan Spence,Finances,Finances,pretium@yahoo.couk
Malachi Thompson,est@aol.edu,0817 038 2276,02.09.25,Dalton Wyatt,Human Resources,Accounting,sit.amet@hotmail.couk
Phoebe Huffman,elementum@hotmail.edu,(026) 3426 4651,04.01.25,Ishmael Crosby,Customer Liaison,Tech Support,nulla@outlook.net
Quemby Cervantes,aliquam.enim@aol.com,070 8008 9743,20.07.24,Kai Holcomb,Public Relations,Human Resources,libero.dui.nec@protonmail.net
Yetta Montoya,ac.urna.ut@aol.com,0821 815 5465,29.10.25,Nayda Wagner,Accounting,Legal Department,morbi.quis@google.ca
McKenzie Monroe,suspendisse@google.org,0800 1111,23.07.25,Zachery Delacruz,Customer Relations,Sales and Marketing,lobortis.quam@hotmail.ca
Daniel Miranda,vulputate.velit@protonmail.com,(021) 2871 4321,26.08.25,Kaye Franco,Quality Assurance,Customer Service,gravida@protonmail.net
Carson Miller,ornare.facilisis.eget@hotmail.edu,(023) 8348 7850,29.01.26,Odessa Mcfarland,Sales and Marketing,Customer Liaison,diam@aol.com
Anastasia Warren,sed.est@outlook.org,07152 361881,01.10.24,Vaughan Boone,Asset Management,Sales and Marketing,ac.urna.ut@outlook.edu
Burke Ballard,cum.sociis@hotmail.ca,(01774) 460933,14.12.25,Vivian Nelson,Health and Safety,Cyber,egestas.hendrerit.neque@aol.couk
Kyra Reyes,a.felis.ullamcorper@hotmail.net,(018175) 05617,25.03.24,Melodie Banks,Finances,IT,enim.curabitur@icloud.com
Noble Campos,suspendisse@google.edu,0853 275 2308,15.09.25,Yoshi Ramirez,Tech Support,IT,pede.suspendisse@aol.ca
Lucius Clements,at@icloud.net,056 2308 9273,14.07.24,Ferris Townsend,Customer Liaison,Accounting,tortor@hotmail.ca
Dai Adams,id.libero.donec@outlook.ca,0800 368 0512,25.06.25,Harlan Adams,Advertising,Customer Liaison,mollis.duis@hotmail.net
Hayfa Luna,sed.pede.cum@yahoo.org,056 5309 7424,22.03.25,Forrest Gamble,Customer Service,Customer Relations,sed.turpis@google.ca
Norman Fry,imperdiet.ullamcorper@google.ca,0831 236 4451,30.10.24,Adrienne Deleon,Human Resources,Finances,vulputate.nisi@icloud.ca
Shoshana Gallagher,convallis@yahoo.org,(01653) 278290,25.11.25,Mary Stout,Accounting,Tech Support,quisque@google.com
Haviva Olson,at.risus.nunc@hotmail.com,(01526) 866214,24.10.24,Kaye Schwartz,Tech Support,Asset Management,sagittis.lobortis@icloud.couk
Quamar Dunn,nec.tempus.scelerisque@hotmail.edu,0385 603 4182,04.10.25,Blaze Harvey,Payroll,Finances,mattis@google.net
Orla Patton,ut.mi.duis@hotmail.net,0845 46 43,24.02.25,Cailin Carson,Customer Liaison,Quality Assurance,felis.purus.ac@yahoo.net
Leo Wallace,lacus.quisque.imperdiet@icloud.edu,0847 015 5071,23.06.25,Oliver Nieves,Public Relations,Human Resources,gravida@icloud.edu
Ivor Gross,fusce@protonmail.edu,0800 1111,10.05.24,Fuller Campbell,Cyber,Legal Department,in@aol.couk
Zia Workman,neque.tellus.imperdiet@yahoo.couk,0800 403 3681,12.08.24,Halee Bean,Finances,Advertising,dolor@hotmail.edu
Neville Wooten,ridiculus@aol.edu,0800 1111,09.10.25,Indira Herman,IT,Tech Support,vitae.nibh.donec@hotmail.couk
Howard Faulkner,diam.dictum.sapien@yahoo.org,056 8363 6682,11.04.25,Devin Robertson,Asset Management,Cyber,at.arcu@protonmail.edu
Wendy Mcdaniel,et.ultrices@yahoo.net,0800 566561,30.10.24,Ferris Ellison,Payroll,Quality Assurance,vulputate@aol.net
Eagan Walton,sed.nec.metus@protonmail.edu,0874 622 0947,13.08.24,Moana Wheeler,Tech Support,Customer Relations,dictum@yahoo.net
Harlan Steele,iaculis.nec@outlook.couk,070 8533 9372,22.07.25,Denise Case,Engineering,Human Resources,a.tortor@protonmail.edu
Graiden Puckett,tincidunt@yahoo.com,0838 867 4234,26.04.24,Shad Snow,Sales and Marketing,Research and Development,est.tempor@protonmail.net
Barclay Estrada,ipsum.sodales@protonmail.ca,(016977) 2116,12.11.25,Acton Chandler,IT,Payroll,ut.pellentesque.eget@hotmail.net
Anne Parks,morbi.quis@protonmail.couk,07923 772880,25.06.25,Cathleen Chavez,Customer Liaison,Advertising,dictum@outlook.ca
Hunter Guy,sociis@outlook.org,0823 372 7890,03.04.25,Steel Petersen,Finances,Media Relations,nec.urna.suscipit@google.edu
Graiden Christian,ac@icloud.edu,055 2720 3475,20.08.25,Piper Lloyd,Public Relations,Customer Liaison,at.nisi@yahoo.edu
Griffin Blair,penatibus.et.magnis@hotmail.org,(01453) 455547,13.11.24,Anjolie Carlson,Finances,Customer Relations,neque@protonmail.org
Hilda Perkins,arcu.nunc@icloud.com,0800 455 7356,14.07.24,Joshua Mitchell,Accounting,Engineering,lectus.rutrum.urna@outlook.com
Amy Sweeney,erat.volutpat.nulla@outlook.edu,0978 316 3439,20.07.25,Tana Key,Customer Liaison,Heath & Safety,et.pede@aol.com
Alfonso Donaldson,mollis.phasellus.libero@outlook.com,0500 116779,15.05.24,Tiger Robertson,Public Relations,Human Resources,nisl.nulla@aol.edu
Patience Camacho,justo@outlook.ca,07624 206393,28.09.24,Otto Terry,Legal Department,Public Relations,nisl.sem@icloud.com
Veda Merrill,turpis.vitae.purus@hotmail.com,07624 208287,27.05.24,Lawrence Marshall,Asset Management,Heath & Safety,tellus.aenean@protonmail.com
Delilah Hodge,dolor.nonummy@yahoo.ca,(018402) 01868,15.03.24,Wilma Berger,Quality Assurance,Customer Relations,in.felis@outlook.couk
Travis Mcgowan,dolor.fusce@google.ca,07275 872093,14.02.25,Linus Baldwin,Sales and Marketing,Research and Development,ridiculus@outlook.couk
Trevor Wise,nam@aol.net,07134 157116,26.01.26,Noelle Webb,Public Relations,Research and Development,nulla.vulputate@icloud.couk
Garrett Vazquez,donec.at.arcu@aol.net,(0101) 859 0335,15.08.25,Melvin Snider,Payroll,Payroll,adipiscing.fringilla.porttitor@aol.couk
Jarrod Talley,gravida@google.ca,0844 114 8726,23.04.25,Rose Chen,Research and Development,Research and Development,ac.arcu.nunc@hotmail.org
Dustin Mcneil,eu.metus@yahoo.com,(0111) 963 9077,17.12.25,Fay Prince,Customer Relations,IT,nulla@hotmail.org
Maryam Riddle,enim.mi@google.ca,(0191) 535 8465,15.02.26,Deanna Hutchinson,Research and Development,Customer Relations,elit.pretium@yahoo.com
Baxter Molina,lectus.ante@google.org,0845 46 46,12.04.25,Dana Jacobson,IT,Advertising,consequat@hotmail.couk
Branden Pitts,duis.dignissim.tempor@icloud.net,0845 46 49,10.08.24,Nigel Hogan,Accounting,Customer Relations,eleifend@outlook.org
Emi Guy,tellus.justo.sit@protonmail.org,07525 836276,06.05.25,Hanae Mills,Sales and Marketing,IT,id.erat@hotmail.edu
Herman Workman,nunc.nulla@icloud.edu,07718 401966,17.01.25,Declan Tucker,Legal Department,Finances,metus@google.edu
Hamilton Caldwell,imperdiet.non@aol.couk,0357 348 0448,25.02.25,Chaim Morales,IT,Cyber,urna.ut@yahoo.edu
Yasir Chaney,malesuada.malesuada@outlook.edu,0845 46 44,20.02.25,Alice Norris,Customer Liaison,Media Relations,sapien.molestie@yahoo.couk
Kareem Hooper,ante.blandit@google.edu,(016977) 7435,09.03.24,Stewart Rios,Legal Department,Tech Support,et.euismod@hotmail.org
Yuri Hinton,netus.et@hotmail.com,(012498) 66362,01.03.24,Drake Gillespie,Customer Relations,Engineering,metus@protonmail.edu
Dustin Miller,urna@outlook.edu,070 0156 3755,30.08.25,Bernard Schroeder,Health and Safety,Tech Support,lectus.nullam@google.org
Timothy Cook,tellus@protonmail.net,055 2736 1767,27.09.24,George Castillo,Human Resources,Asset Management,parturient.montes@protonmail.couk
Phillip Merritt,tincidunt.nibh.phasellus@protonmail.com,070 2235 2232,03.05.25,Chase Barker,IT,Media Relations,porttitor.eros.nec@icloud.org
Aileen Hancock,morbi@protonmail.org,0344 333 4434,04.02.26,Ivory Browning,Customer Service,Finances,rutrum.fusce@google.couk
Cleo Townsend,aliquet.libero@outlook.org,07833 190853,10.03.25,Herman Harrell,Quality Assurance,Customer Service,convallis.est@yahoo.org
Yuri Hubbard,aliquam@yahoo.ca,(0161) 169 8206,23.10.25,Moses Dudley,Research and Development,Public Relations,arcu.vestibulum.ut@google.couk
Gisela Snider,proin.eget@google.org,(01670) 04543,09.04.24,Quemby Sawyer,Public Relations,Payroll,eget.metus@hotmail.net
Demetria Wilson,aliquet.odio.etiam@outlook.com,0800 138863,31.03.25,Quail Head,Human Resources,IT,integer.sem.elit@protonmail.org
Imelda Chapman,cursus.integer.mollis@protonmail.ca,(01961) 073558,25.02.25,Nero Buckner,Accounting,Finances,ante.ipsum.primis@outlook.edu
Kyra Sexton,sollicitudin.orci@outlook.couk,0800 735797,29.06.24,Florence Blake,IT,Human Resources,in@hotmail.couk
Jermaine Knight,tristique@protonmail.org,0800 1111,30.09.25,Demetria Randolph,Sales and Marketing,IT,eleifend@icloud.edu
Maris Ayers,non@protonmail.ca,(0117) 417 1613,19.03.24,Amity Mcleod,Asset Management,Heath & Safety,proin.vel@icloud.couk
Madison Hoffman,eros.turpis.non@icloud.edu,(016977) 7765,24.04.24,Dawn Santana,Accounting,Cyber,mauris.eu@yahoo.ca
Gary Campos,libero.at@icloud.ca,076 3038 8831,22.04.25,Phyllis Finch,Advertising,Customer Service,aliquet@aol.edu
Camille Coffey,sodales.mauris@hotmail.edu,0500 577633,04.11.24,Asher Pennington,Asset Management,Research and Development,sed.diam@yahoo.org
Brady Crosby,elit.pharetra.ut@icloud.org,0377 784 6721,14.12.24,Gray Hines,Tech Support,Tech Support,vel.faucibus@outlook.org
Oscar O'donnell,erat.eget.ipsum@yahoo.edu,(0171) 058 5838,15.09.24,Berk Gomez,Tech Support,Finances,purus.mauris.a@google.net
Zena Woods,lobortis@google.net,(01049) 671588,19.05.24,Prescott Roman,IT,Finances,elit@outlook.org
Ava Whitehead,mauris.eu@outlook.com,(010179) 78542,10.03.24,Branden Goodman,Advertising,Heath & Safety,nec.urna@yahoo.com
Jin Hughes,vel@aol.net,076 6436 7616,04.03.24,Leilani Mcintyre,Legal Department,Quality Assurance,posuere.cubilia.curae@yahoo.com
Isaiah Hurst,tincidunt.adipiscing@google.org,(028) 5384 8441,21.07.25,Linus Frye,Customer Service,Media Relations,cursus.nunc@outlook.ca
Megan Mcneil,in@yahoo.couk,076 4154 5113,20.03.25,Anjolie Gordon,Customer Liaison,Finances,et.netus@google.com
Macaulay Ball,vitae.odio@protonmail.couk,(01211) 171641,08.08.25,Kerry Ratliff,Finances,Finances,rutrum.justo.praesent@hotmail.ca
Mira Mays,orci.phasellus.dapibus@icloud.com,070 4716 5592,17.03.25,Colleen Harvey,Payroll,Tech Support,adipiscing.ligula@hotmail.edu
Kyle Jacobson,magna@protonmail.com,076 8168 5372,22.09.24,Carlos Beasley,Customer Liaison,Research and Development,ac.eleifend@google.edu
Anne Morton,neque.venenatis@outlook.edu,0845 46 46,19.11.25,Seth Richardson,Advertising,Media Relations,rutrum.urna.nec@icloud.net
Reece Conway,eleifend.nec@aol.couk,0355 055 8563,14.12.25,Samson Lara,Tech Support,Customer Liaison,praesent@hotmail.ca
Stone Valentine,a.purus.duis@outlook.com,0845 46 42,04.05.24,Kelly Gallegos,Public Relations,Customer Liaison,mi.lacinia.mattis@aol.edu
Brooke Atkins,risus@google.net,(020) 1251 2347,21.02.25,Andrew Head,Asset Management,Engineering,ligula.tortor.dictum@yahoo.edu
Lillith Mcneil,consectetuer.adipiscing.elit@outlook.edu,(0116) 638 1732,12.09.24,Russell Bryant,Health and Safety,Payroll,vel.sapien.imperdiet@hotmail.ca
Vera Koch,volutpat.nunc@outlook.couk,076 8142 6271,08.02.26,Zelenia Robinson,Accounting,Legal Department,a.odio@icloud.ca
Finn Melton,nunc.risus@outlook.net,(016977) 4377,06.05.24,Kristen Mcbride,Cyber,Research and Development,quis@aol.couk
Kessie Dennis,aliquet.nec@outlook.com,076 7578 2399,07.02.25,Dana Horne,Advertising,Customer Liaison,mauris.aliquam@outlook.couk
Jael Mckinney,at.nisi@aol.org,0800 248630,09.10.24,Pascale Sosa,Finances,Public Relations,pede.sagittis@outlook.edu
Tallulah Norris,sed@yahoo.net,0800 1111,05.11.25,Ishmael Baldwin,Customer Liaison,Customer Liaison,massa@aol.edu
Phillip Forbes,sem@hotmail.com,0929 466 5541,26.09.25,Scarlett Washington,Health and Safety,Sales and Marketing,fringilla.cursus@outlook.org
Caleb Bush,dui.semper@aol.com,(016977) 5545,31.03.24,Rafael Gilliam,IT,Customer Service,nunc.ullamcorper@outlook.ca
Tate Munoz,arcu.iaculis@protonmail.net,0845 46 48,10.07.25,Lana Hansen,Legal Department,Human Resources,purus.gravida@outlook.edu
Beatrice Chang,dolor.sit.amet@outlook.net,(023) 2612 9860,27.05.24,Jenette Noble,Media Relations,Advertising,fringilla.donec.feugiat@outlook.couk
Signe Wilcox,nec@icloud.org,0343 717 1680,02.10.24,Ahmed Butler,Tech Support,Payroll,justo@google.net
Addison Flores,urna.nullam@protonmail.com,055 8008 7799,05.02.26,Damon Rivers,Public Relations,Customer Service,neque.nullam.ut@aol.couk
Damon Richardson,est.nunc@aol.net,07522 274120,09.09.24,Bevis Salas,Customer Relations,Public Relations,facilisis.lorem.tristique@google.org
Rafael Moss,dui.cras.pellentesque@aol.com,(012526) 03454,02.04.24,Lucian Burnett,Sales and Marketing,Cyber,curabitur.consequat@protonmail.net
Yvette Gross,velit.in@google.edu,(016977) 5576,22.09.24,Amos Mejia,Research and Development,Quality Assurance,donec@yahoo.couk
Bree Melendez,pellentesque@protonmail.net,(025) 6446 5873,26.12.25,Ryder Bean,Customer Relations,Tech Support,vestibulum.accumsan@protonmail.org
Isadora Melton,enim@outlook.couk,0500 425658,06.06.25,Victoria Kirk,Payroll,Engineering,mollis.integer.tincidunt@protonmail.net
Nerea Barron,nec.tempus@google.couk,07624 164265,27.06.24,Hilel Barron,Customer Liaison,Research and Development,tempus.scelerisque.lorem@hotmail.com
India Gardner,facilisis.facilisis.magna@yahoo.edu,(01166) 45772,09.05.25,Orli Logan,Quality Assurance,Payroll,sem@icloud.couk
Kamal Clay,quisque@google.ca,056 3636 7669,04.07.25,Simone Cunningham,Customer Service,Heath & Safety,magna.sed.eu@protonmail.ca
Catherine Jackson,sed@icloud.couk,07624 430860,25.10.25,Ignacia Cardenas,Legal Department,Payroll,mi@hotmail.net
Jermaine Tucker,nibh.aliquam@google.couk,0951 166 2813,31.10.24,Cheyenne Miranda,Asset Management,Customer Liaison,sed.leo@outlook.edu
Ella Santana,blandit.congue@hotmail.couk,(01771) 16822,27.10.24,Adrian Sharp,Media Relations,Tech Support,at.iaculis@icloud.edu
Bruce Stanton,elementum.at.egestas@hotmail.ca,056 6863 9296,02.02.26,Isabelle Blanchard,Media Relations,IT,mi@outlook.couk
Brynne Burch,velit.egestas@google.couk,(0112) 540 6370,27.08.25,Neve Yates,Customer Service,Asset Management,integer.aliquam@aol.couk
Calista Fernandez,pellentesque.tellus.sem@yahoo.org,(016977) 7818,24.09.25,Kareem Carson,Human Resources,Human Resources,erat.in@icloud.ca
Ingrid Kent,luctus@outlook.com,(018557) 01327,17.06.25,Hamilton Shelton,Advertising,Customer Liaison,magna@icloud.com
Graiden Quinn,sapien@aol.couk,(025) 0240 4852,19.02.26,Iliana Wade,IT,IT,semper@icloud.couk
Ori Mcmillan,hendrerit@yahoo.com,0800 1111,22.03.25,Jonas Peterson,Media Relations,Research and Development,vestibulum@icloud.edu
Cruz Andrews,vestibulum.lorem@yahoo.com,(016533) 42572,24.12.24,Armando Russell,Health and Safety,Media Relations,ultrices@icloud.ca
Nina Michael,sodales.purus@yahoo.org,(01977) 78276,30.07.24,Tatyana Frazier,Finances,Sales and Marketing,eget@protonmail.ca
Sylvester Thompson,erat.volutpat@aol.edu,0800 1111,08.12.24,Patricia Moody,Advertising,Human Resources,lacus.quisque@icloud.org
Stone Gentry,ac@google.couk,07624 554064,11.12.25,Jakeem Conrad,Research and Development,Legal Department,dapibus.gravida.aliquam@hotmail.couk
Hasad Lopez,ullamcorper.nisl@google.com,0836 567 5184,17.12.24,Vance Snow,Research and Development,Research and Development,condimentum.eget@aol.net
Xandra Poole,molestie.pharetra.nibh@yahoo.couk,(025) 7148 2282,20.01.26,Bo Walls,Asset Management,Cyber,phasellus.at@google.org
Salvador Flynn,aliquet.molestie@protonmail.edu,(023) 7314 0147,11.06.25,Hoyt Ingram,Quality Assurance,Engineering,cras.dolor.dolor@google.com
Yuri Reyes,dis.parturient@google.com,(0111) 624 7501,09.04.24,Bruce Martinez,Engineering,Cyber,mauris.elit@icloud.com
Yvette Bowman,elit@outlook.couk,076 4488 8288,01.08.24,Violet Hatfield,Cyber,Accounting,ac.mattis@google.org
Yoko Hudson,sapien.imperdiet@hotmail.ca,(016728) 65871,17.09.25,Tanner Blanchard,Legal Department,Customer Relations,non@hotmail.edu
Illana Keith,odio.phasellus.at@hotmail.couk,07624 636137,17.01.26,Russell Mckee,Advertising,IT,nec.ante@hotmail.edu
Kirsten Lester,duis@protonmail.net,(01717) 541389,24.08.25,Eliana Arnold,Customer Relations,Payroll,neque.venenatis@outlook.org
Elijah Vincent,tempus@hotmail.com,(021) 3848 0421,27.07.24,Bree Kirby,Legal Department,Sales and Marketing,aliquet.libero.integer@google.ca
Sarah Mclean,varius@aol.com,0800 350479,17.03.24,Uriel Gross,Cyber,Sales and Marketing,in@icloud.com
Claudia Fleming,pede@hotmail.com,(01832) 589665,11.09.24,Randall Ayala,Payroll,Public Relations,eu.elit.nulla@hotmail.edu
Cassidy Jordan,mus.donec@google.net,0845 46 47,12.06.25,Kasimir Bright,Quality Assurance,Accounting,morbi.sit.amet@protonmail.net
Kerry Booker,natoque@yahoo.com,070 7112 1165,23.09.25,Anthony Ashley,Payroll,Cyber,diam@aol.org
Brock Shaw,aliquam.erat@yahoo.net,(01788) 526365,05.11.25,Price Rose,Asset Management,Sales and Marketing,eu@outlook.ca
Nadine Bridges,aliquet.proin@hotmail.ca,056 5171 9548,15.09.25,Lacota Craft,Tech Support,Research and Development,pellentesque@icloud.com
Holly Levy,donec.egestas@yahoo.com,(027) 1486 6414,31.03.24,Lars Mccoy,Tech Support,Asset Management,metus.aenean.sed@hotmail.com
Preston Bender,vulputate.posuere@hotmail.ca,(0131) 512 6682,16.12.24,Acton Norris,Quality Assurance,Finances,non.ante@aol.couk
Basil Beard,nisi@google.couk,0500 563633,30.12.25,Jack Stafford,Customer Relations,Public Relations,malesuada.vel@yahoo.edu
Sean Sexton,velit.in@aol.couk,07044 796543,12.01.25,Oleg Ferrell,Legal Department,Customer Service,metus@aol.net
Melvin Hammond,ac.urna.ut@yahoo.couk,(016977) 2641,22.12.24,Alfreda Cochran,Cyber,Customer Service,ullamcorper.velit@outlook.edu
Lareina Hebert,sed.auctor.odio@outlook.org,076 5607 7325,13.04.25,Callum Walker,IT,Quality Assurance,eget.venenatis@icloud.couk
Roary Miller,nullam@protonmail.couk,(016977) 1646,11.07.25,Len Welch,Public Relations,Accounting,non.ante@google.edu
Byron Compton,nibh.enim@yahoo.org,(028) 0583 3943,21.02.25,Cameron Mccall,Tech Support,Accounting,luctus.et@yahoo.edu
Dawn Kirkland,purus.nullam@outlook.couk,(027) 3447 4376,24.08.25,Ali Chaney,Media Relations,Tech Support,rutrum.lorem@protonmail.couk
Octavia Gutierrez,mauris.eu@yahoo.couk,(024) 8847 3574,29.05.24,Fletcher Cruz,IT,Customer Relations,faucibus@icloud.ca
Theodore Sharpe,non.egestas@yahoo.org,07079 306356,01.12.25,Autumn Acosta,Accounting,Sales and Marketing,lorem.auctor@protonmail.com
Britanney Rodgers,eu.tellus.phasellus@icloud.edu,076 6697 3564,03.01.25,Inga Dejesus,Customer Liaison,Accounting,hendrerit.a@outlook.edu
Deanna Leblanc,erat.vitae.risus@protonmail.ca,(01119) 582221,09.10.25,Zephr Zimmerman,Legal Department,Heath & Safety,a.tortor.nunc@hotmail.org
Berk Lynn,bibendum@protonmail.org,056 3076 7914,17.11.25,Constance Merrill,Engineering,Media Relations,eleifend.cras@icloud.com
Prescott Ballard,est.congue@aol.ca,07449 315314,28.10.25,Troy Padilla,Tech Support,Payroll,est@protonmail.com
Zephania Randall,augue.ut@hotmail.edu,055 8077 1467,16.10.24,Paula Benson,Tech Support,Customer Liaison,mus@protonmail.net
Brianna Carver,ut.odio.vel@hotmail.org,0938 181 2134,27.02.25,Ivory Porter,IT,Legal Department,amet@google.net
Ruth Roberts,faucibus.orci.luctus@aol.ca,(014847) 26571,11.11.25,Reuben Ferguson,Research and Development,Advertising,lacus@protonmail.org
Paul Fry,mus.proin.vel@icloud.net,(01177) 89138,20.12.25,Zachary Wilkins,Sales and Marketing,Quality Assurance,tristique.pellentesque@google.net
Keegan Carroll,eleifend@outlook.net,076 1595 3567,06.10.25,Quinn Montgomery,Payroll,Finances,mus@google.org
Rhiannon Hahn,phasellus.fermentum@icloud.com,0868 983 8144,15.07.25,Briar Robinson,Engineering,Quality Assurance,nulla.tincidunt@yahoo.ca
Jasmine Reese,at.velit@google.com,(0111) 016 8492,23.03.24,Carlos Garrett,Engineering,Customer Liaison,arcu.et@yahoo.net
Ferris Mooney,sed.sapien@google.org,(01346) 519578,29.11.25,Amanda Ray,Legal Department,Advertising,sapien.gravida@outlook.ca
Carter Duncan,nec.urna.suscipit@aol.com,(01812) 31404,05.05.24,Chanda Oneil,Engineering,Customer Relations,consequat@icloud.com
Kylie Pierce,duis.cursus.diam@aol.ca,(016977) 4172,10.08.25,Colorado Hartman,Engineering,Media Relations,vitae.orci@outlook.org
Kato Carroll,felis.donec@google.edu,055 4200 0495,26.01.26,Myra Woodard,Cyber,Legal Department,sit.amet.nulla@google.com
Brian Lucas,eget.dictum@hotmail.net,(027) 6212 4834,25.11.25,Emerald Luna,Quality Assurance,Payroll,curabitur.ut.odio@hotmail.com
Hyacinth Flynn,vivamus.non.lorem@google.ca,070 5165 7278,14.10.24,Ima Peters,Customer Service,Engineering,luctus@google.ca
Ruth Mccarty,in@aol.net,0800 1111,25.02.26,Jordan Nunez,Finances,Media Relations,nunc.sit.amet@aol.couk
Declan Willis,nunc.mauris.morbi@aol.couk,0500 314564,14.08.24,Cullen Moore,Customer Relations,Quality Assurance,lorem@hotmail.ca
Quinn Richards,donec.tincidunt@hotmail.org,076 0439 8256,11.10.24,Dillon Albert,Advertising,Legal Department,ornare.lectus.ante@yahoo.ca
Kelly Farmer,at@google.couk,0800 024 4772,11.10.24,Ulysses Gonzales,Human Resources,Finances,tortor.integer.aliquam@protonmail.net
Warren Terrell,lorem.eget@icloud.couk,0845 481 5313,03.02.26,Sean Carpenter,Accounting,Legal Department,nulla@protonmail.couk
Germaine Hebert,eu.nulla@icloud.couk,056 8772 5046,05.10.25,Illiana Brewer,Advertising,Asset Management,aliquam@icloud.ca
Lane Ewing,vehicula.risus@outlook.net,(01760) 77351,16.04.25,Holmes Schneider,Advertising,Engineering,eu.eleifend@yahoo.couk
Inez Holmes,adipiscing@protonmail.net,0800 652 9184,20.11.25,Ahmed Burris,Media Relations,Sales and Marketing,eu.tempor@yahoo.ca
Cleo Hughes,curabitur@yahoo.ca,0864 832 5683,02.06.24,Nadine Cervantes,Legal Department,Sales and Marketing,lobortis.tellus@hotmail.com
Palmer Puckett,dapibus.ligula.aliquam@google.ca,0842 079 4634,15.02.25,Mark Mendoza,Payroll,Advertising,lectus.pede@protonmail.org
Kelly Padilla,cursus.purus.nullam@yahoo.org,(021) 3284 3580,16.09.25,Naomi Whitfield,Quality Assurance,Finances,montes.nascetur.ridiculus@protonmail.edu
Gretchen Velasquez,erat.volutpat@google.org,07329 852262,04.01.26,Isabella Chase,Advertising,Human Resources,non@icloud.couk
Hector Mathews,mus@yahoo.couk,0975 522 8836,22.12.25,Iona Stevens,Customer Service,Customer Service,vel.pede@outlook.ca
Yolanda Powell,proin.non@protonmail.org,(01180) 571215,06.09.24,Dante Montoya,Research and Development,Tech Support,non.feugiat.nec@protonmail.com
Wyatt Chandler,dictum.cursus@icloud.org,(025) 5490 3915,28.06.24,Giselle Robertson,Customer Liaison,Accounting,ante@outlook.net
Wilma Rivas,turpis.aliquam@protonmail.org,(01961) 334135,17.01.26,Serena Mcmillan,Health and Safety,Legal Department,nec@yahoo.com
Kameko Castillo,a.nunc.in@google.net,(01644) 39814,11.04.25,Bell Emerson,Health and Safety,Asset Management,lacus.varius@icloud.net
Francis Golden,purus.nullam@outlook.com,0500 776543,11.02.26,Maris Acosta,Payroll,Cyber,pede.nonummy@icloud.couk
Colby Spence,lobortis@google.com,056 1567 7952,18.07.24,Upton Kidd,Health and Safety,Customer Liaison,tellus.lorem@aol.edu
Matthew Moran,curae.donec@google.ca,076 9766 4786,07.07.24,Zorita Rowe,Health and Safety,Customer Service,adipiscing@outlook.ca
Tatyana Bartlett,orci.lacus.vestibulum@yahoo.couk,070 2711 5838,01.07.25,Ferris Norris,Customer Liaison,Finances,mattis@google.org
Maile Faulkner,quam.elementum.at@google.com,076 9006 3762,26.05.24,Irene Goff,Quality Assurance,Advertising,in.nec.orci@icloud.edu
Zeph Lynch,sed.eu@google.net,0800 1111,17.07.24,Holmes Frederick,Customer Liaison,Cyber,venenatis.lacus.etiam@aol.com
August Rocha,tellus.aenean@protonmail.couk,0500 230868,08.06.25,Asher Morrison,Asset Management,Cyber,non@icloud.com
Phoebe Miller,dolor@aol.org,070 5623 0178,21.10.24,Nomlanga Pugh,Media Relations,IT,ligula.nullam@google.edu
Cain Copeland,turpis.egestas@yahoo.edu,07624 462020,07.02.25,Marny Bright,Accounting,Research and Development,duis.ac.arcu@hotmail.com
Natalie Fischer,volutpat.ornare@icloud.ca,055 0043 4551,02.12.25,Celeste Cruz,Engineering,Advertising,egestas.nunc.sed@icloud.com
Carlos Walters,nunc.quis.arcu@yahoo.net,0825 945 8149,14.01.25,Matthew Mclean,Customer Service,Sales and Marketing,vivamus.molestie.dapibus@aol.net
Adrienne Haney,et@icloud.edu,055 5145 4361,23.03.24,Matthew Castro,Accounting,Advertising,erat@yahoo.org
Rigel Wilkinson,nulla.cras@google.org,(01273) 693556,14.07.25,Philip Valenzuela,Customer Service,IT,dolor@hotmail.couk
Kim Crosby,quisque.nonummy@yahoo.ca,(01833) 76667,15.06.24,Alfonso Jackson,Legal Department,Heath & Safety,et.magna.praesent@google.net
Kylan Tillman,consequat.nec@google.couk,0800 1111,10.09.25,Graiden Franco,Customer Liaison,Customer Service,non.bibendum.sed@google.ca
Echo Erickson,orci.in.consequat@icloud.net,055 7386 9402,25.02.25,Colt Kent,Quality Assurance,Heath & Safety,eget.massa.suspendisse@icloud.org
Larissa Oliver,dictum.sapien@icloud.net,(016977) 0171,28.04.24,Camden Cline,Finances,Payroll,erat.etiam@yahoo.org
Debra Wise,sed@protonmail.couk,(0119) 385 7956,03.12.24,Morgan Park,Finances,Engineering,accumsan@protonmail.org
Brenden Bonner,dui.semper@aol.com,0800 1111,28.02.25,Gloria Page,Sales and Marketing,Public Relations,mi.felis.adipiscing@icloud.org
Lionel Valenzuela,sit@aol.com,(016977) 1835,01.07.25,Alexander Dudley,Health and Safety,Advertising,felis.eget@yahoo.com
Avram Mays,cum.sociis.natoque@protonmail.org,070 6160 9238,29.04.24,Bertha Raymond,Legal Department,Heath & Safety,velit.aliquam.nisl@outlook.org
Myles Carpenter,ut@yahoo.org,(01314) 41888,06.08.24,Shay Mclean,Asset Management,Asset Management,leo.in@google.ca
Aileen Mitchell,sit.amet@protonmail.ca,055 7893 0351,05.02.26,Rose Richard,Research and Development,Heath & Safety,iaculis.lacus@google.couk
Maite Finley,cras.dolor.dolor@google.com,055 8058 4765,10.12.25,Gavin Soto,Media Relations,Cyber,eleifend@icloud.edu
Myra Grimes,metus@hotmail.org,076 8285 1281,23.12.25,Kane Russell,Customer Liaison,Human Resources,lobortis@outlook.couk
Theodore Holcomb,massa@yahoo.com,(027) 3565 7393,25.01.25,Christen Wood,IT,Accounting,nunc.commodo@aol.ca
Jason Houston,sit.amet@protonmail.com,(0171) 718 4477,05.07.25,Caldwell Galloway,IT,Legal Department,phasellus.libero@protonmail.edu
Amity Cleveland,id@hotmail.org,(01265) 47308,11.01.26,Autumn Mason,Customer Service,Human Resources,interdum@google.net
Vincent Nieves,vulputate@protonmail.org,0919 702 1466,18.02.26,Alana Woodward,Engineering,Engineering,a.arcu@outlook.net
Althea Hendrix,ultrices.sit@icloud.ca,(029) 7136 1318,03.12.24,Imani Parsons,Tech Support,Cyber,mi.lorem.vehicula@aol.couk
Shad Webb,nisi.sem.semper@outlook.com,0319 742 5754,29.06.24,Jakeem Terrell,Accounting,IT,hendrerit.id@hotmail.couk
Emery Donaldson,facilisis.vitae@yahoo.edu,(028) 3368 8534,02.06.25,Kennan Rodriguez,Human Resources,Public Relations,mi@hotmail.edu
Jennifer Jackson,quis.pede@google.net,055 5854 2877,24.02.25,Hanae Stephens,Research and Development,Advertising,volutpat.nulla@yahoo.org
Virginia Burke,nunc@yahoo.net,056 2256 4677,30.10.24,Oleg Castaneda,Health and Safety,Research and Development,urna.nullam@icloud.edu
Austin Powers,amet@hotmail.edu,07504 229859,03.11.24,Shellie Lester,Asset Management,Finances,nec.orci@protonmail.edu
Louis Ayers,sit.amet@icloud.ca,056 5317 1833,09.11.24,Perry Kane,Health and Safety,Payroll,nisi@icloud.org
Rowan Trevino,sit.amet.consectetuer@aol.org,055 1650 2570,27.02.24,Lilah Franco,Accounting,Sales and Marketing,interdum@icloud.edu
Holmes Guthrie,imperdiet.dictum.magna@icloud.edu,(0161) 261 9732,09.07.24,Ferris Hewitt,Customer Liaison,Asset Management,quisque.ac@aol.com
Cheryl Harding,proin@protonmail.ca,(0113) 121 6332,17.06.24,Rina Patton,Public Relations,Accounting,luctus.felis.purus@google.net
Elijah Savage,mollis@outlook.edu,(01264) 356246,07.10.25,Abigail Sampson,Finances,Legal Department,blandit.enim@outlook.ca
Mechelle Rhodes,a@hotmail.ca,0836 355 6583,08.11.25,Whitney Mccullough,Human Resources,Research and Development,tellus.sem@hotmail.org
Molly Shepherd,lectus@outlook.com,07624 242822,11.02.25,Isadora Baker,Tech Support,Accounting,luctus@protonmail.com
Zephania Hewitt,donec@icloud.edu,056 1140 3371,08.12.24,Zephania Hutchinson,Customer Relations,Customer Liaison,quisque.ac.libero@yahoo.com
Ursa Sanchez,a.tortor@protonmail.net,0885 433 6135,09.04.24,Giacomo Witt,Engineering,Asset Management,arcu.eu@protonmail.couk
Chloe Barker,duis.risus@protonmail.org,(023) 6207 2242,04.11.24,Orla Jackson,Cyber,Sales and Marketing,dictum.ultricies@protonmail.couk
Leila Cooper,risus.quis@yahoo.net,0800 983 6914,08.04.25,Magee Hickman,Customer Relations,Finances,nam.ac.nulla@aol.net
Brock Dodson,feugiat.placerat@aol.com,0325 481 4347,02.03.25,Leslie Espinoza,Asset Management,Finances,sed.pede@google.com
Pandora Short,natoque.penatibus@icloud.edu,0800 438788,12.03.25,Bruce Britt,Research and Development,Public Relations,purus@protonmail.edu
Frances Peck,nisl.maecenas@hotmail.net,0800 1111,08.02.25,Sigourney Summers,Sales and Marketing,Sales and Marketing,ligula.consectetuer.rhoncus@icloud.ca
Holly Barton,pede@hotmail.ca,055 3644 6308,30.07.24,Quintessa Scott,Engineering,Engineering,nisl@hotmail.com
Gareth Colon,accumsan.convallis.ante@outlook.edu,0500 868838,20.07.24,Xantha Vincent,Engineering,Sales and Marketing,enim.etiam.imperdiet@hotmail.net
Tanner Rodgers,lectus@hotmail.couk,0909 616 2128,10.08.24,Sybil Collins,Tech Support,Quality Assurance,ac.mi.eleifend@google.ca
Acton Benton,nunc@yahoo.org,(015352) 89038,26.11.24,Rhiannon Alvarado,Customer Liaison,Accounting,sit.amet.metus@hotmail.ca
Barrett Kirk,mauris@hotmail.edu,0800 864 5011,16.05.24,Levi Mcpherson,Customer Service,Sales and Marketing,nulla.donec@icloud.com
Ainsley Robertson,posuere.enim@aol.edu,(0111) 752 4641,04.01.26,Jasper Humphrey,IT,Human Resources,in.cursus.et@outlook.ca
Yardley Rutledge,in.nec@hotmail.org,0906 548 1928,29.02.24,Kirestin Allen,Quality Assurance,Customer Service,proin@outlook.couk
Echo Holder,hendrerit@hotmail.net,(0116) 673 1962,01.05.25,Savannah Mckay,Quality Assurance,IT,felis.orci.adipiscing@aol.com
Forrest Sharp,nulla.semper.tellus@hotmail.ca,(01795) 88425,03.02.25,Grace Harmon,Engineering,Asset Management,nibh.vulputate@aol.ca
Clio Barlow,rhoncus@google.couk,(0191) 143 5458,25.06.24,Cyrus Miranda,Quality Assurance,Legal Department,elit.nulla@google.net
Madeline Kim,libero.et@protonmail.net,(01467) 713892,16.08.25,Dieter Summers,Asset Management,Legal Department,malesuada.fames@google.couk
Alisa Richardson,mi.lacinia@hotmail.couk,0800 284891,13.07.25,Charissa Blankenship,Engineering,Finances,vivamus.molestie@yahoo.org
Zephr Barnes,dignissim.maecenas.ornare@aol.net,(022) 7835 0294,15.05.24,Genevieve Joyner,Asset Management,Sales and Marketing,dolor@hotmail.edu
Flavia Bartlett,tincidunt.congue@icloud.net,0360 614 8879,29.10.25,Clare Small,Asset Management,Legal Department,amet@yahoo.com
Allen Park,id@yahoo.edu,076 4226 6457,14.03.24,Fitzgerald Willis,Quality Assurance,Customer Relations,felis.adipiscing.fringilla@aol.couk
Dorothy Collier,dolor.quisque.tincidunt@icloud.com,0895 056 6688,18.03.25,Isabella Pacheco,Customer Relations,Engineering,posuere.cubilia@hotmail.couk
Halla Mccall,nisl.nulla.eu@outlook.net,055 4655 8794,18.01.25,Cullen Riddle,Quality Assurance,Engineering,natoque@aol.com
Sonia Jensen,fermentum.arcu@outlook.couk,0842 431 6664,30.07.25,Dustin Branch,Asset Management,Media Relations,mollis@google.ca
Georgia Mcgowan,eu@google.net,070 0824 4872,11.01.26,Blake Herring,Advertising,Finances,nisl.sem@google.com
Basil Cortez,volutpat.nulla@aol.ca,(016977) 6170,07.03.24,Jade Finch,Customer Liaison,Customer Relations,nisl.maecenas.malesuada@aol.com
Yetta Santiago,at@yahoo.edu,(012419) 27954,30.06.25,Levi Irwin,Payroll,IT,morbi.neque.tellus@icloud.org
Amela Ford,ligula.nullam@protonmail.couk,(026) 6340 9759,24.08.25,Todd Strong,Media Relations,Human Resources,molestie.sed.id@icloud.couk
Daniel Fulton,orci@icloud.com,(013003) 84589,31.12.25,Kennan Molina,Engineering,Media Relations,dolor.quisque.tincidunt@aol.net
Scarlett Casey,scelerisque@yahoo.couk,076 5565 4275,14.10.25,Nehru Kelley,Media Relations,Customer Service,mus.donec.dignissim@aol.net
Kieran Bullock,tempus.eu@yahoo.couk,0800 496742,23.08.24,Madeson Gaines,Customer Relations,Customer Relations,adipiscing@icloud.com
Uta Osborn,aenean.euismod.mauris@outlook.couk,07624 429525,11.07.25,Sybill Brewer,Customer Liaison,Public Relations,iaculis.nec@icloud.ca
Megan Chavez,sit.amet.faucibus@hotmail.ca,(0115) 518 2672,15.03.25,Tanner Jackson,Sales and Marketing,Heath & Safety,cras@hotmail.edu
Farrah Harding,accumsan.convallis@outlook.com,0800 768232,25.06.24,Chantale Robinson,Payroll,Public Relations,justo.faucibus@yahoo.edu
Ashton Dudley,feugiat@yahoo.edu,0800 933 2844,01.01.26,Clarke Gonzalez,Engineering,Engineering,dui.augue.eu@yahoo.com
Hunter Townsend,non.lacinia.at@outlook.net,0800 989 5303,29.09.24,Noel Wolf,Advertising,Engineering,ante.dictum@protonmail.net
Kameko Hansen,in.consectetuer@outlook.couk,0897 239 5862,29.12.25,Clark Williams,Accounting,Human Resources,porttitor@protonmail.edu
Lysandra Gentry,mauris@outlook.com,056 1185 9576,22.05.25,Nevada Dunn,Research and Development,Media Relations,tristique.neque@outlook.net
Audra Hodge,nulla.eu.neque@hotmail.net,0903 165 3256,18.09.25,Octavius Morse,Legal Department,Media Relations,donec.consectetuer@protonmail.net
Jamalia Poole,suscipit.est.ac@outlook.org,(0191) 312 6458,14.12.24,Catherine Wilkinson,IT,Cyber,maecenas.libero.est@yahoo.net
Imani Eaton,erat.sed@google.edu,(0161) 696 6005,25.10.25,Alyssa Walls,IT,Legal Department,nec.tellus@protonmail.net
Akeem Best,quis.arcu@outlook.net,0845 46 47,10.03.24,Mason Calhoun,Advertising,Cyber,at.pede@protonmail.com
Kuame Sosa,nunc.laoreet.lectus@hotmail.edu,(0131) 163 7855,05.10.24,Gavin Brown,Advertising,Quality Assurance,id.ante.dictum@outlook.edu
Charles Mcdowell,velit@outlook.com,07624 657658,02.04.24,Elton Vargas,Human Resources,Cyber,cursus.nunc@google.ca
Aspen Henson,neque.tellus.imperdiet@google.com,0500 847459,03.12.24,Ezra Bailey,Payroll,Public Relations,tristique.pharetra.quisque@outlook.edu
Leila Williamson,pharetra.felis.eget@google.edu,0926 626 1451,08.08.24,Camilla Dejesus,Cyber,Research and Development,scelerisque.dui@yahoo.org
Edward Beck,venenatis@hotmail.org,(01907) 416442,03.12.24,Minerva O'brien,Engineering,Tech Support,donec.elementum@yahoo.couk
Mariko Swanson,curabitur@outlook.edu,(01061) 288258,13.02.25,Tiger Foley,Customer Liaison,Sales and Marketing,eros.non.enim@aol.couk
Charde Stark,molestie.in.tempus@protonmail.com,0918 088 3875,12.07.24,Alisa Herrera,Tech Support,Tech Support,mollis.non@google.ca
Xandra Wagner,sed.diam@hotmail.couk,(022) 4644 3383,22.09.25,Ivory Yates,Legal Department,Finances,interdum.ligula.eu@google.com
Boris Chapman,ipsum@protonmail.org,(019326) 53242,06.08.24,Samson Carney,Advertising,Customer Liaison,tincidunt.congue.turpis@yahoo.edu
Bradley Singleton,neque.sed@protonmail.edu,076 8743 3268,08.08.25,Julian Ramirez,Tech Support,Customer Service,vitae.risus.duis@aol.net
Shellie Dodson,elementum@icloud.ca,0395 313 3260,02.09.24,Drew Oliver,Public Relations,Payroll,aenean@icloud.ca
Susan Bass,consequat.enim@outlook.com,0845 46 44,31.03.25,Vincent Richmond,Public Relations,Sales and Marketing,etiam.bibendum@outlook.couk
Tiger Holden,eu.sem@aol.com,(0117) 636 6121,24.02.26,Marny Gordon,Customer Liaison,Research and Development,sed.neque@icloud.net
Desirae Hood,nonummy.fusce@aol.org,0953 063 7232,21.07.24,Mara Lewis,Tech Support,Human Resources,aliquam.adipiscing@hotmail.ca
Blossom Cummings,accumsan.laoreet@hotmail.net,(01478) 414184,04.10.24,Kelsie Bailey,Quality Assurance,Asset Management,eu@google.com
Darius Frank,metus.vivamus@yahoo.org,056 5880 0276,03.11.25,Blythe Washington,Customer Service,Asset Management,ornare@outlook.ca
Charissa Flowers,et.commodo@google.net,056 4264 1921,31.07.25,Jonah Lancaster,Public Relations,Advertising,in.ornare@protonmail.org
Amal Yates,a.feugiat.tellus@aol.couk,0845 46 43,07.01.26,Shad Bowers,Legal Department,IT,curabitur.egestas.nunc@hotmail.net
Moana Nicholson,facilisi.sed@aol.org,(027) 4567 1172,21.12.25,Marshall Mullen,Customer Relations,Quality Assurance,ac.turpis@hotmail.ca
Christen Stout,sed.turpis@outlook.ca,(021) 1838 7064,08.07.24,Yvette Davidson,Customer Relations,Tech Support,purus.sapien@yahoo.org
Anthony Walls,curabitur.massa.vestibulum@yahoo.edu,070 5125 8986,10.07.24,Trevor Ryan,Public Relations,Customer Service,pede.sagittis.augue@aol.couk
Beck Lopez,nunc.laoreet.lectus@hotmail.edu,076 1181 4292,07.06.24,Rama Russo,Customer Relations,Customer Service,urna.suscipit.nonummy@hotmail.net
Aphrodite Dennis,elit.pretium.et@protonmail.org,(028) 3239 5429,08.07.25,Rajah Munoz,Advertising,Media Relations,suspendisse.tristique@aol.couk
Lewis Macias,natoque.penatibus@yahoo.couk,(01434) 58557,18.02.26,Xena Macdonald,Customer Liaison,Quality Assurance,diam@yahoo.net
Hermione Yates,diam@outlook.net,056 4576 2812,17.05.24,Leroy Mcclain,Engineering,IT,nec.tempus.scelerisque@google.ca
Lucas Wallace,risus.nunc@icloud.com,07624 923076,20.12.24,Holly Mullen,Cyber,Media Relations,ultricies.dignissim.lacus@aol.net
Dante Skinner,curae@hotmail.edu,070 2846 8549,18.04.25,Chelsea Buckley,Finances,Customer Liaison,ultrices.a@google.org
Marvin Edwards,lobortis.risus.in@icloud.ca,070 3697 7870,18.07.25,Tobias Pruitt,Media Relations,Public Relations,odio.nam@google.ca
Nigel Barr,mus.aenean@yahoo.edu,(0118) 117 0442,27.08.25,Alexa Cox,Payroll,Heath & Safety,aenean@hotmail.couk
Ann Ayala,nam.ligula.elit@yahoo.net,0800 1111,06.11.24,Tanner Ratliff,Health and Safety,Finances,venenatis@google.net
Aiko Johns,donec.vitae@yahoo.net,(011208) 88675,04.11.24,Zephania Young,Tech Support,Accounting,tincidunt@icloud.com
Lawrence Gentry,nullam.nisl.maecenas@aol.net,(023) 9409 5356,25.11.25,Avram Mayer,Customer Service,Research and Development,proin@google.net
Levi Stone,vitae.erat@hotmail.com,0800 364554,09.12.25,Elaine Klein,Asset Management,Legal Department,dolor.dapibus.gravida@icloud.com
Keelie Hernandez,viverra.donec@protonmail.ca,055 4153 3515,17.06.25,Adria Bridges,Health and Safety,Media Relations,semper.egestas.urna@icloud.com
Baxter Drake,justo.sit@outlook.couk,(016977) 3768,14.06.25,Chanda Golden,Research and Development,Media Relations,sit.amet@hotmail.com
Ryan Castro,neque.nullam@aol.com,07624 445568,22.11.25,Kyra Daniel,Public Relations,Quality Assurance,interdum.feugiat@outlook.net
Armand Holcomb,elit@google.couk,(01563) 724632,27.04.24,Randall Chase,Engineering,Customer Service,mattis.cras@hotmail.com
Wesley Yang,risus.odio@aol.ca,0887 611 6793,25.04.24,Brian Dorsey,Asset Management,Finances,urna@hotmail.com
Wade Goodman,nisi.cum@aol.couk,07624 277401,11.02.26,Kennedy White,Finances,Finances,posuere.cubilia.curae@icloud.couk
Elvis Ferrell,est@hotmail.net,(016977) 7874,18.06.24,Galvin Berger,Cyber,Sales and Marketing,ut.dolor.dapibus@hotmail.couk
Imelda Robinson,enim.nunc@icloud.org,0877 536 1154,28.12.25,Ignatius Petersen,Legal Department,Heath & Safety,nisl.nulla.eu@yahoo.net
Hedley Doyle,eget.magna@hotmail.edu,(0111) 875 5385,05.04.25,Cheyenne Wade,IT,Customer Liaison,sollicitudin@protonmail.net
Hadley Russo,nulla.tincidunt@protonmail.couk,(016977) 0633,19.03.25,Dean Chavez,Customer Relations,Asset Management,ipsum.cursus.vestibulum@aol.net
Violet Mcfadden,vivamus.nisi@icloud.org,0845 46 45,06.04.25,Hyatt Norris,IT,Research and Development,duis.dignissim.tempor@google.couk
Daquan Stout,aliquet.diam@outlook.couk,076 8749 1727,10.07.25,Heather Ortiz,Asset Management,Cyber,integer.aliquam.adipiscing@hotmail.couk
Aspen Hoover,egestas.hendrerit@protonmail.couk,070 3249 3217,29.12.24,Christian Cash,Tech Support,Sales and Marketing,quis@outlook.org
Cruz Brewer,magnis.dis@google.net,0845 46 45,20.05.25,Tyler Church,Human Resources,Research and Development,est.ac.facilisis@outlook.net
Baker Patrick,elit.pretium.et@yahoo.couk,(025) 4222 0721,29.08.25,Yuri Bryant,Customer Liaison,Cyber,fusce@hotmail.ca
Mercedes Gill,justo.nec@outlook.couk,07624 334399,15.02.26,Isaiah Casey,Legal Department,Asset Management,donec.nibh@outlook.com
Megan Mayo,duis.cursus@outlook.couk,(0161) 864 6948,19.09.25,Irene Flynn,Advertising,Customer Service,auctor@protonmail.couk
Doris Mcbride,posuere.cubilia@icloud.ca,076 2813 2806,12.09.24,Galvin Myers,Customer Service,Asset Management,malesuada.id@outlook.ca
Lana Fisher,facilisis.vitae@hotmail.ca,(01855) 754722,08.07.25,Abdul Beard,Public Relations,Customer Liaison,eu.nulla@outlook.org
Ursa Robles,penatibus.et@outlook.couk,(0111) 822 2572,15.11.24,Whitney Sharp,IT,Quality Assurance,ullamcorper.duis.cursus@protonmail.net
Stacey Whitfield,nunc.mauris@outlook.edu,(013902) 64302,11.03.25,Iona Lott,Asset Management,Customer Liaison,pharetra@icloud.edu
Calvin Chen,eu.odio.tristique@hotmail.edu,0947 677 3256,11.03.25,Alisa Cooper,Payroll,Customer Service,egestas@icloud.com
Octavius Brewer,in@outlook.org,0500 713248,21.04.25,Mia Blake,Cyber,Quality Assurance,sit.amet@outlook.couk
Dieter Campbell,nunc.commodo@outlook.org,0800 1111,17.05.25,Summer Allison,Media Relations,Customer Service,fusce@icloud.com
Brian Sharpe,mi.tempor.lorem@yahoo.ca,(01204) 81861,04.10.25,Armando Melendez,Health and Safety,Customer Relations,aliquam.tincidunt@protonmail.org
Norman Fox,est.tempor@hotmail.couk,0800 1111,19.07.25,Alfreda Mccoy,Quality Assurance,Quality Assurance,placerat.velit@icloud.couk
Price Goodwin,in@outlook.ca,0800 542077,04.02.26,Hedda Sanford,Legal Department,Legal Department,gravida.praesent.eu@icloud.com
Dieter Patrick,venenatis@google.net,(0151) 781 8362,07.08.25,Reece Hartman,Human Resources,Legal Department,consectetuer.rhoncus@hotmail.ca
Kylee Mueller,in.magna@icloud.net,07269 767827,22.11.24,Portia Hewitt,Media Relations,Customer Relations,amet.ornare.lectus@outlook.com
Willa Alston,non.feugiat.nec@icloud.edu,(0117) 177 1987,22.07.25,Gray Oliver,Engineering,Cyber,non.dapibus@google.org
Allegra Mann,lorem.vitae@aol.com,07624 454295,07.04.25,Angelica Petty,IT,Sales and Marketing,scelerisque@outlook.ca
Fay Garza,eu.placerat.eget@yahoo.org,0845 46 42,12.12.24,Jessica Pope,Tech Support,Public Relations,eros@hotmail.ca
Travis Page,dictum.magna@google.ca,0394 684 6882,09.08.24,Kevyn Walton,Finances,Media Relations,amet.consectetuer.adipiscing@aol.net
Lee Benjamin,montes@yahoo.couk,07635 735952,01.01.25,Martha Goodwin,Quality Assurance,Quality Assurance,enim@icloud.net
Lewis Gaines,magnis.dis.parturient@hotmail.org,(016977) 7876,09.08.25,Jescie Hanson,Customer Liaison,Tech Support,sed.eget.lacus@outlook.org
Lucas George,lorem.tristique@icloud.org,0864 498 8358,06.05.25,Burke Hood,Engineering,Finances,ut.mi.duis@outlook.edu
Adria Webb,nunc.id.enim@icloud.org,0910 372 2741,05.09.24,Kimberly Booker,Advertising,Tech Support,nibh.donec@icloud.org
Jelani Dunn,libero.et@hotmail.org,076 2889 9177,27.09.25,Myles Simpson,Finances,Sales and Marketing,scelerisque.sed@protonmail.edu
Leilani Hartman,eget.ipsum@yahoo.ca,0800 1111,10.10.25,Quyn Cruz,Advertising,Media Relations,scelerisque.scelerisque@hotmail.org
Reese Mclean,aliquet@hotmail.org,0843 016 5664,24.08.24,Kitra Franks,Customer Service,Customer Liaison,egestas@outlook.org
Indira Cooley,lectus.nullam@google.ca,056 2245 1523,02.05.24,Illana Reed,Engineering,Advertising,at.augue@aol.org
Bradley Carter,vivamus.euismod@aol.couk,07961 241444,31.10.25,Mohammad Hogan,Customer Service,Human Resources,suspendisse@hotmail.org
Emery Rocha,sit.amet@yahoo.org,0800 312764,11.02.25,Nora Daniel,Customer Service,Customer Service,vel.arcu@aol.com
Evangeline Hale,volutpat.nulla.facilisis@icloud.org,(016681) 35632,12.08.25,Keegan Sellers,Tech Support,Asset Management,quisque@icloud.net
Hadassah Cannon,aliquam.erat@icloud.com,056 1041 9172,02.03.24,Todd Ware,Customer Relations,Media Relations,ligula.nullam@yahoo.org
Flynn Chambers,semper.erat@icloud.net,07624 251913,21.03.25,Aimee Andrews,Legal Department,Sales and Marketing,mauris.non@aol.org
Whoopi Pierce,nulla.facilisis@icloud.couk,(016977) 7952,19.11.24,Kimberley Trujillo,Customer Relations,Accounting,vitae@outlook.net
Abra House,et.magnis@icloud.edu,076 1016 6746,23.07.25,Eric Holder,Research and Development,Finances,luctus.lobortis@protonmail.com
Kay Stewart,pharetra.quisque@yahoo.net,07935 796044,21.03.25,Demetrius Sullivan,Media Relations,Media Relations,quisque.ac.libero@hotmail.net
